[
{
  "model": "admin.logentry",
  "pk": 1,
  "fields": {
    "action_time": "2025-04-28T12:28:21.738Z",
    "user": 1,
    "content_type": 9,
    "object_id": "5",
    "object_repr": "Sales",
    "action_flag": 2,
    "change_message": "[]"
  }
},
{
  "model": "admin.logentry",
  "pk": 2,
  "fields": {
    "action_time": "2025-04-28T20:34:51.726Z",
    "user": 1,
    "content_type": 4,
    "object_id": "3",
    "object_repr": "Ali",
    "action_flag": 1,
    "change_message": "[{\"added\": {}}]"
  }
},
{
  "model": "admin.logentry",
  "pk": 3,
  "fields": {
    "action_time": "2025-04-28T20:35:06.783Z",
    "user": 1,
    "content_type": 4,
    "object_id": "4",
    "object_repr": "Hossein",
    "action_flag": 1,
    "change_message": "[{\"added\": {}}]"
  }
},
{
  "model": "admin.logentry",
  "pk": 4,
  "fields": {
    "action_time": "2025-04-28T20:35:21.268Z",
    "user": 1,
    "content_type": 4,
    "object_id": "5",
    "object_repr": "Abbas",
    "action_flag": 1,
    "change_message": "[{\"added\": {}}]"
  }
},
{
  "model": "admin.logentry",
  "pk": 5,
  "fields": {
    "action_time": "2025-04-28T20:35:30.190Z",
    "user": 1,
    "content_type": 4,
    "object_id": "5",
    "object_repr": "Abbas",
    "action_flag": 2,
    "change_message": "[]"
  }
},
{
  "model": "auth.user",
  "fields": {
    "password": "pbkdf2_sha256$870000$EEWwF6QmckgwI7MHgCJQWp$tvGE8Fsx812sNpV7tNqHMvrNEKFCO5lLG+qZra+VlCU=",
    "last_login": "2025-04-28T21:49:05.401Z",
    "is_superuser": true,
    "username": "admin",
    "first_name": "",
    "last_name": "",
    "email": "admin@gmail.com",
    "is_staff": true,
    "is_active": true,
    "date_joined": "2025-04-28T12:17:38.142Z",
    "groups": [],
    "user_permissions": []
  }
},
{
  "model": "auth.user",
  "fields": {
    "password": "pbkdf2_sha256$870000$uX0hHZDrXsGMyelrAe9YZ8$CIuxN8w0tMGTC2PPPLqrZmck5L2EXZnfHcThZ5hKn8g=",
    "last_login": "2025-04-28T22:10:14.637Z",
    "is_superuser": true,
    "username": "admin@gmail.com",
    "first_name": "",
    "last_name": "",
    "email": "admin@gmail.com",
    "is_staff": true,
    "is_active": true,
    "date_joined": "2025-04-28T12:24:10.626Z",
    "groups": [],
    "user_permissions": []
  }
},
{
  "model": "auth.user",
  "fields": {
    "password": "pbkdf2_sha256$870000$UXjphaYNZBBeSyZjnWBrRo$pbcpodAP2sXt/Llaxft0gfLTSP36ehtZ14BPb1Iz25g=",
    "last_login": null,
    "is_superuser": false,
    "username": "Ali",
    "first_name": "",
    "last_name": "",
    "email": "",
    "is_staff": false,
    "is_active": true,
    "date_joined": "2025-04-28T20:34:50.817Z",
    "groups": [],
    "user_permissions": []
  }
},
{
  "model": "auth.user",
  "fields": {
    "password": "pbkdf2_sha256$870000$RvS9ezm114n7EJlYOi6yJ5$A6NhtxDU36tasTlncdw2Fdj28GFqRbx7wmXQ9DZLkLw=",
    "last_login": null,
    "is_superuser": false,
    "username": "Hossein",
    "first_name": "",
    "last_name": "",
    "email": "",
    "is_staff": false,
    "is_active": true,
    "date_joined": "2025-04-28T20:35:05.871Z",
    "groups": [],
    "user_permissions": []
  }
},
{
  "model": "auth.user",
  "fields": {
    "password": "pbkdf2_sha256$870000$mUxok3nzqvhgXcGivQA7Y1$walzi4ddAZnCmRQjnOZ4vTJoWL/ZRoo+RAA2ubUx+f0=",
    "last_login": null,
    "is_superuser": false,
    "username": "Abbas",
    "first_name": "",
    "last_name": "",
    "email": "",
    "is_staff": false,
    "is_active": true,
    "date_joined": "2025-04-28T20:35:20Z",
    "groups": [],
    "user_permissions": []
  }
},
{
  "model": "auth.user",
  "fields": {
    "password": "pbkdf2_sha256$870000$ea39eOo4RGnQKHmXs17XJ0$E40Se3dL1bypj394c0W3o5PusZgdJ9n9ntpODmLy3nk=",
    "last_login": "2025-04-28T21:17:10.849Z",
    "is_superuser": false,
    "username": "eng1@example.com",
    "first_name": "",
    "last_name": "",
    "email": "eng1@example.com",
    "is_staff": false,
    "is_active": true,
    "date_joined": "2025-04-28T20:41:23.482Z",
    "groups": [],
    "user_permissions": []
  }
},
{
  "model": "auth.user",
  "fields": {
    "password": "pbkdf2_sha256$870000$7RhagVyhrGcWPKGL749zvd$TAP0txO58R5PlW3Gvs0mC0PyYFy0JRN//BgptqdkLis=",
    "last_login": "2025-04-28T22:12:42.829Z",
    "is_superuser": false,
    "username": "tl1@example.com",
    "first_name": "",
    "last_name": "",
    "email": "tl1@example.com",
    "is_staff": false,
    "is_active": true,
    "date_joined": "2025-04-28T20:41:24.413Z",
    "groups": [],
    "user_permissions": []
  }
},
{
  "model": "auth.user",
  "fields": {
    "password": "pbkdf2_sha256$870000$Do3GnZoUMMPmcyGAX9PfbL$YeC5s4rhG/MFIYYi3WFWERln26YlNIC7ts6yHZTMcCM=",
    "last_login": "2025-04-28T22:11:57.811Z",
    "is_superuser": false,
    "username": "dl1@example.com",
    "first_name": "",
    "last_name": "",
    "email": "dl1@example.com",
    "is_staff": false,
    "is_active": true,
    "date_joined": "2025-04-28T20:41:25.327Z",
    "groups": [],
    "user_permissions": []
  }
},
{
  "model": "auth.user",
  "fields": {
    "password": "pbkdf2_sha256$870000$sY5s5BsI7TpQhtINTQcgOl$gtQWW0VlnrL+R2mYNCJE3XRc2lyiEUjDXCkMQlkrumY=",
    "last_login": null,
    "is_superuser": false,
    "username": "sm1@example.com",
    "first_name": "",
    "last_name": "",
    "email": "sm1@example.com",
    "is_staff": false,
    "is_active": true,
    "date_joined": "2025-04-28T20:41:26.244Z",
    "groups": [],
    "user_permissions": []
  }
},
{
  "model": "auth.user",
  "fields": {
    "password": "pbkdf2_sha256$870000$3WMz9ZDrHLNx3yeEfWoNja$MoPNmsnNqLtvNJR5/Au8WjbzAaDUkwe2kjTReZcYd9M=",
    "last_login": "2025-04-28T21:48:00.092Z",
    "is_superuser": false,
    "username": "alii@gmail.com",
    "first_name": "ali",
    "last_name": "",
    "email": "alii@gmail.com",
    "is_staff": true,
    "is_active": true,
    "date_joined": "2025-04-28T21:47:40.965Z",
    "groups": [],
    "user_permissions": []
  }
},
{
  "model": "sessions.session",
  "pk": "8oszt3w2m4k88yjor0rkzbzxwj4xa7u7",
  "fields": {
    "session_data": "e30:1u9VvW:KijH2ERgsikxIc6DThGSXUmKgwvWvMmMQd7CgLWC5Pc",
    "expire_date": "2025-05-12T21:22:10.825Z"
  }
},
{
  "model": "sessions.session",
  "pk": "csg2koqfl3b09238wtek95j940zpsscd",
  "fields": {
    "session_data": "e30:1u9Vr7:CysdiV26H9Pk8ypTWvHKL0wwX0wiBRO4qjo8wH1B_n4",
    "expire_date": "2025-05-12T21:17:37.705Z"
  }
},
{
  "model": "sessions.session",
  "pk": "fjw78fikb81kgs3j1bgfe2799as7fhda",
  "fields": {
    "session_data": "e30:1u9WAJ:nP2VjXKM7itwAfyV0O8vRpqFg1-atzfWb9dJ4VFksTo",
    "expire_date": "2025-05-12T21:37:27.988Z"
  }
},
{
  "model": "sessions.session",
  "pk": "h0brlqfunzndwk201zkfdn7h8dkxewe3",
  "fields": {
    "session_data": "e30:1u9W2I:U4KbBOLwmfJp1xEvUozz6gjKo9IOEzSC8iB6NxM0UE4",
    "expire_date": "2025-05-12T21:29:10.918Z"
  }
},
{
  "model": "sessions.session",
  "pk": "w6xf937yamcr4f22r025up69pg0x6bqr",
  "fields": {
    "session_data": "e30:1u9WLZ:-GxURCf1i-JF68JQOd-GOKXs1JY6e-H-3YFtea2PFOs",
    "expire_date": "2025-05-12T21:49:05.399Z"
  }
},
{
  "model": "accounts.profile",
  "pk": 1,
  "fields": {
    "user": 3,
    "role": "Engineer",
    "team": null,
    "department": null
  }
},
{
  "model": "accounts.profile",
  "pk": 2,
  "fields": {
    "user": 4,
    "role": "Engineer",
    "team": null,
    "department": null
  }
},
{
  "model": "accounts.profile",
  "pk": 3,
  "fields": {
    "user": 5,
    "role": "Engineer",
    "team": null,
    "department": null
  }
},
{
  "model": "accounts.profile",
  "pk": 4,
  "fields": {
    "user": 6,
    "role": "Engineer",
    "team": null,
    "department": null
  }
},
{
  "model": "accounts.profile",
  "pk": 5,
  "fields": {
    "user": 7,
    "role": "Engineer",
    "team": null,
    "department": null
  }
},
{
  "model": "accounts.profile",
  "pk": 6,
  "fields": {
    "user": 8,
    "role": "Department Leader",
    "team": null,
    "department": "HR"
  }
},
{
  "model": "accounts.profile",
  "pk": 7,
  "fields": {
    "user": 9,
    "role": "Senior Manager",
    "team": null,
    "department": null
  }
},
{
  "model": "accounts.profile",
  "pk": 8,
  "fields": {
    "user": 10,
    "role": "Admin",
    "team": null,
    "department": null
  }
},
{
  "model": "accounts.profile",
  "pk": 9,
  "fields": {
    "user": 2,
    "role": "Engineer",
    "team": null,
    "department": null
  }
},
{
  "model": "voting.department",
  "pk": 1,
  "fields": {
    "name": "HR"
  }
},
{
  "model": "voting.department",
  "pk": 2,
  "fields": {
    "name": "Engineering"
  }
},
{
  "model": "voting.department",
  "pk": 3,
  "fields": {
    "name": "Marketing"
  }
},
{
  "model": "voting.department",
  "pk": 4,
  "fields": {
    "name": "Design"
  }
},
{
  "model": "voting.department",
  "pk": 5,
  "fields": {
    "name": "Sales"
  }
},
{
  "model": "voting.team",
  "pk": 1,
  "fields": {
    "name": "Team Alpha",
    "department": 1
  }
},
{
  "model": "voting.team",
  "pk": 2,
  "fields": {
    "name": "Team Beta",
    "department": 2
  }
},
{
  "model": "voting.team",
  "pk": 3,
  "fields": {
    "name": "Team Gamma",
    "department": 3
  }
},
{
  "model": "voting.team",
  "pk": 4,
  "fields": {
    "name": "Team Delta",
    "department": 4
  }
},
{
  "model": "voting.team",
  "pk": 5,
  "fields": {
    "name": "Team Epsilon",
    "department": 5
  }
},
{
  "model": "voting.healthcard",
  "pk": 1,
  "fields": {
    "name": "Delivering Value",
    "description": "Are we delivering value to our customers effectively?"
  }
},
{
  "model": "voting.healthcard",
  "pk": 2,
  "fields": {
    "name": "Easy to Release",
    "description": "Is our release process streamlined and efficient?"
  }
},
{
  "model": "voting.healthcard",
  "pk": 4,
  "fields": {
    "name": "Fun",
    "description": "Are team members enjoying their work and maintaining morale?"
  }
},
{
  "model": "voting.healthcard",
  "pk": 5,
  "fields": {
    "name": "Health of Codebase",
    "description": "Is our codebase clean, maintainable, and free of technical debt?"
  }
},
{
  "model": "voting.healthcard",
  "pk": 6,
  "fields": {
    "name": "Learning",
    "description": "Are we continuously learning and improving our skills?"
  }
},
{
  "model": "voting.healthcard",
  "pk": 7,
  "fields": {
    "name": "Mission",
    "description": "Do we understand and align with our team's mission and goals?"
  }
},
{
  "model": "voting.healthcard",
  "pk": 8,
  "fields": {
    "name": "Pawns or Players",
    "description": "Do team members feel empowered to make decisions or merely follow orders?"
  }
},
{
  "model": "voting.healthcard",
  "pk": 9,
  "fields": {
    "name": "Speed",
    "description": "Are we delivering work at a sustainable and efficient pace?"
  }
},
{
  "model": "voting.healthcard",
  "pk": 10,
  "fields": {
    "name": "Suitable Process",
    "description": "Are our processes well-defined and effective?"
  }
},
{
  "model": "voting.healthcard",
  "pk": 11,
  "fields": {
    "name": "Support",
    "description": "Do we receive adequate support from stakeholders and leadership?"
  }
},
{
  "model": "voting.healthcard",
  "pk": 12,
  "fields": {
    "name": "Teamwork",
    "description": "Are we collaborating effectively as a team?"
  }
},
{
  "model": "voting.session",
  "pk": 1,
  "fields": {
    "date": "2025-04-28",
    "status": "Active"
  }
},
{
  "model": "voting.session",
  "pk": 2,
  "fields": {
    "date": "2025-04-28",
    "status": "Active"
  }
},
{
  "model": "voting.session",
  "pk": 3,
  "fields": {
    "date": "2025-04-28",
    "status": "Active"
  }
},
{
  "model": "voting.session",
  "pk": 4,
  "fields": {
    "date": "2025-04-28",
    "status": "Active"
  }
},
{
  "model": "voting.session",
  "pk": 5,
  "fields": {
    "date": "2025-04-28",
    "status": "Active"
  }
},
{
  "model": "voting.session",
  "pk": 6,
  "fields": {
    "date": "2025-04-28",
    "status": "Active"
  }
},
{
  "model": "voting.session",
  "pk": 7,
  "fields": {
    "date": "2025-04-28",
    "status": "Active"
  }
},
{
  "model": "voting.session",
  "pk": 8,
  "fields": {
    "date": "2025-04-28",
    "status": "Active"
  }
},
{
  "model": "voting.session",
  "pk": 9,
  "fields": {
    "date": "2025-04-28",
    "status": "Active"
  }
},
{
  "model": "voting.session",
  "pk": 10,
  "fields": {
    "date": "2025-04-28",
    "status": "Active"
  }
},
{
  "model": "voting.session",
  "pk": 11,
  "fields": {
    "date": "2025-04-28",
    "status": "Active"
  }
},
{
  "model": "voting.session",
  "pk": 12,
  "fields": {
    "date": "2025-04-28",
    "status": "Active"
  }
},
{
  "model": "voting.session",
  "pk": 13,
  "fields": {
    "date": "2025-04-28",
    "status": "Active"
  }
},
{
  "model": "voting.session",
  "pk": 14,
  "fields": {
    "date": "2025-04-28",
    "status": "Closed"
  }
},
{
  "model": "voting.session",
  "pk": 15,
  "fields": {
    "date": "2025-04-28",
    "status": "Closed"
  }
},
{
  "model": "voting.vote",
  "pk": 1,
  "fields": {
    "color": "Green",
    "progress": "Improving",
    "note": "89ygt7gy",
    "card": 1,
    "user": 1,
    "team": 3,
    "session": 2
  }
},
{
  "model": "voting.vote",
  "pk": 2,
  "fields": {
    "color": "Green",
    "progress": "Stable",
    "note": "ytvty8",
    "card": 2,
    "user": 1,
    "team": 3,
    "session": 2
  }
},
{
  "model": "voting.vote",
  "pk": 3,
  "fields": {
    "color": "Green",
    "progress": "Improving",
    "note": "",
    "card": 1,
    "user": 1,
    "team": 3,
    "session": 10
  }
},
{
  "model": "voting.vote",
  "pk": 4,
  "fields": {
    "color": "Red",
    "progress": "Improving",
    "note": "",
    "card": 1,
    "user": 1,
    "team": 3,
    "session": 11
  }
},
{
  "model": "voting.vote",
  "pk": 5,
  "fields": {
    "color": "Green",
    "progress": "Stable",
    "note": "",
    "card": 1,
    "user": 1,
    "team": 1,
    "session": 12
  }
},
{
  "model": "voting.vote",
  "pk": 6,
  "fields": {
    "color": "Yellow",
    "progress": "Stable",
    "note": "",
    "card": 2,
    "user": 1,
    "team": 1,
    "session": 12
  }
},
{
  "model": "voting.vote",
  "pk": 7,
  "fields": {
    "color": "Yellow",
    "progress": "Stable",
    "note": "",
    "card": 4,
    "user": 1,
    "team": 1,
    "session": 12
  }
},
{
  "model": "voting.vote",
  "pk": 8,
  "fields": {
    "color": "Yellow",
    "progress": "Stable",
    "note": "",
    "card": 1,
    "user": 1,
    "team": 4,
    "session": 14
  }
},
{
  "model": "voting.vote",
  "pk": 9,
  "fields": {
    "color": "Yellow",
    "progress": "Declining",
    "note": "",
    "card": 2,
    "user": 1,
    "team": 4,
    "session": 14
  }
},
{
  "model": "voting.vote",
  "pk": 10,
  "fields": {
    "color": "Yellow",
    "progress": "Declining",
    "note": "",
    "card": 4,
    "user": 1,
    "team": 4,
    "session": 14
  }
},
{
  "model": "voting.vote",
  "pk": 11,
  "fields": {
    "color": "Green",
    "progress": "Improving",
    "note": "",
    "card": 5,
    "user": 1,
    "team": 4,
    "session": 14
  }
},
{
  "model": "voting.vote",
  "pk": 12,
  "fields": {
    "color": "Red",
    "progress": "Declining",
    "note": "",
    "card": 6,
    "user": 1,
    "team": 4,
    "session": 14
  }
},
{
  "model": "voting.vote",
  "pk": 13,
  "fields": {
    "color": "Red",
    "progress": "Improving",
    "note": "",
    "card": 7,
    "user": 1,
    "team": 4,
    "session": 14
  }
},
{
  "model": "voting.vote",
  "pk": 14,
  "fields": {
    "color": "Green",
    "progress": "Declining",
    "note": "",
    "card": 8,
    "user": 1,
    "team": 4,
    "session": 14
  }
},
{
  "model": "voting.vote",
  "pk": 15,
  "fields": {
    "color": "Yellow",
    "progress": "Declining",
    "note": "",
    "card": 9,
    "user": 1,
    "team": 4,
    "session": 14
  }
},
{
  "model": "voting.vote",
  "pk": 16,
  "fields": {
    "color": "Red",
    "progress": "Declining",
    "note": "",
    "card": 10,
    "user": 1,
    "team": 4,
    "session": 14
  }
},
{
  "model": "voting.vote",
  "pk": 17,
  "fields": {
    "color": "Yellow",
    "progress": "Declining",
    "note": "",
    "card": 11,
    "user": 1,
    "team": 4,
    "session": 14
  }
},
{
  "model": "voting.vote",
  "pk": 18,
  "fields": {
    "color": "Yellow",
    "progress": "Declining",
    "note": "",
    "card": 12,
    "user": 1,
    "team": 4,
    "session": 14
  }
},
{
  "model": "voting.vote",
  "pk": 19,
  "fields": {
    "color": "Green",
    "progress": "Improving",
    "note": "",
    "card": 1,
    "user": 7,
    "team": 3,
    "session": 15
  }
},
{
  "model": "voting.vote",
  "pk": 20,
  "fields": {
    "color": "Green",
    "progress": "Stable",
    "note": "",
    "card": 2,
    "user": 7,
    "team": 3,
    "session": 15
  }
},
{
  "model": "voting.vote",
  "pk": 21,
  "fields": {
    "color": "Yellow",
    "progress": "Declining",
    "note": "",
    "card": 4,
    "user": 7,
    "team": 3,
    "session": 15
  }
},
{
  "model": "voting.vote",
  "pk": 22,
  "fields": {
    "color": "Red",
    "progress": "Improving",
    "note": "",
    "card": 5,
    "user": 7,
    "team": 3,
    "session": 15
  }
},
{
  "model": "voting.vote",
  "pk": 23,
  "fields": {
    "color": "Green",
    "progress": "Declining",
    "note": "",
    "card": 6,
    "user": 7,
    "team": 3,
    "session": 15
  }
},
{
  "model": "voting.vote",
  "pk": 24,
  "fields": {
    "color": "Red",
    "progress": "Improving",
    "note": "",
    "card": 7,
    "user": 7,
    "team": 3,
    "session": 15
  }
},
{
  "model": "voting.vote",
  "pk": 25,
  "fields": {
    "color": "Yellow",
    "progress": "Stable",
    "note": "",
    "card": 8,
    "user": 7,
    "team": 3,
    "session": 15
  }
},
{
  "model": "voting.vote",
  "pk": 26,
  "fields": {
    "color": "Green",
    "progress": "Declining",
    "note": "",
    "card": 9,
    "user": 7,
    "team": 3,
    "session": 15
  }
},
{
  "model": "voting.vote",
  "pk": 27,
  "fields": {
    "color": "Red",
    "progress": "Improving",
    "note": "",
    "card": 10,
    "user": 7,
    "team": 3,
    "session": 15
  }
},
{
  "model": "voting.vote",
  "pk": 28,
  "fields": {
    "color": "Red",
    "progress": "Improving",
    "note": "",
    "card": 11,
    "user": 7,
    "team": 3,
    "session": 15
  }
},
{
  "model": "voting.vote",
  "pk": 29,
  "fields": {
    "color": "Yellow",
    "progress": "Stable",
    "note": "",
    "card": 12,
    "user": 7,
    "team": 3,
    "session": 15
  }
}
]
